{"cameraMode":{"drawMode":0,"name":"Shaded","section":"Shading Mode"},"sceneLighting":true,"audioPlay":false,"sceneViewState":{"m_AlwaysRefresh":false,"showFog":true,"showSkybox":true,"showFlares":true,"showImageEffects":true,"showParticleSystems":true,"showVisualEffectGraphs":true,"m_FxEnabled":true},"in2DMode":false,"pivot":{"x":23.951780319213868,"y":-49.72325897216797,"z":94.929931640625},"rotation":{"x":0.17837309837341309,"y":0.026563674211502076,"z":-0.004817431792616844,"w":0.9835963845252991},"size":114.82349395751953,"orthographic":false}